mnames,eps,trloss,acc,times
fcnet,1,0.45021641426035236,0.8856,7591.8798828125
fcnet,2,0.3633192993010726,0.9057,6872.17431640625
